"cd_mun","nm_mun","UF","precipitation","year_month"
"1500107","Abaetetuba","PA",20.3365154266357,"2021-12"
"1500800","Ananindeua","PA",16.7839870452881,"2021-12"
"1501105","Bagre","PA",20.3169422149658,"2021-12"
"1501204","Baião","PA",63.8819046020508,"2021-12"
"1501303","Barcarena","PA",19.8765449523926,"2021-12"
"1501402","Belém","PA",16.5050678253174,"2021-12"
"1501501","Benevides","PA",13.5201616287231,"2021-12"
"1501782","Breu Branco","PA",103.336502075195,"2021-12"
"1502103","Cametá","PA",22.1763916015625,"2021-12"
"1503093","Goianésia do Pará","PA",119.132049560547,"2021-12"
"1503309","Igarapé-Miri","PA",24.4224128723145,"2021-12"
"1503804","Jacundá","PA",96.8235397338867,"2021-12"
"1504000","Limoeiro do Ajuru","PA",19.4948692321777,"2021-12"
"1504422","Marituba","PA",15.2523860931396,"2021-12"
"1504604","Mocajuba","PA",25.0879001617432,"2021-12"
"1504703","Moju","PA",68.1733169555664,"2021-12"
"1505064","Novo Repartimento","PA",98.0664367675781,"2021-12"
"1505205","Oeiras do Pará","PA",20.3707675933838,"2021-12"
"1506351","Santa Bárbara do Pará","PA",16.2750835418701,"2021-12"
"1507953","Tailândia","PA",63.8378715515137,"2021-12"
"1508100","Tucuruí","PA",89.3368072509766,"2021-12"
"1500107","Abaetetuba","PA",19.2266540527344,"2021-11"
"1500800","Ananindeua","PA",26.8129272460938,"2021-11"
"1501105","Bagre","PA",72.3750839233398,"2021-11"
"1501204","Baião","PA",48.7585029602051,"2021-11"
"1501303","Barcarena","PA",24.6402187347412,"2021-11"
"1501402","Belém","PA",22.6738567352295,"2021-11"
"1501501","Benevides","PA",27.1204242706299,"2021-11"
"1501782","Breu Branco","PA",39.4243507385254,"2021-11"
"1502103","Cametá","PA",43.2154655456543,"2021-11"
"1503093","Goianésia do Pará","PA",105.232749938965,"2021-11"
"1503309","Igarapé-Miri","PA",35.4835357666016,"2021-11"
"1503804","Jacundá","PA",59.3711967468262,"2021-11"
"1504000","Limoeiro do Ajuru","PA",30.0456943511963,"2021-11"
"1504422","Marituba","PA",27.1204242706299,"2021-11"
"1504604","Mocajuba","PA",46.3673095703125,"2021-11"
"1504703","Moju","PA",50.8138771057129,"2021-11"
"1505064","Novo Repartimento","PA",67.1193084716797,"2021-11"
"1505205","Oeiras do Pará","PA",76.4858245849609,"2021-11"
"1506351","Santa Bárbara do Pará","PA",23.8714771270752,"2021-11"
"1507953","Tailândia","PA",74.952392578125,"2021-11"
"1508100","Tucuruí","PA",44.4980506896973,"2021-11"
"1500107","Abaetetuba","PA",21.1865425109863,"2021-10"
"1500800","Ananindeua","PA",16.9571704864502,"2021-10"
"1501105","Bagre","PA",20.3441963195801,"2021-10"
"1501204","Baião","PA",25.9010314941406,"2021-10"
"1501303","Barcarena","PA",9.76856517791748,"2021-10"
"1501402","Belém","PA",13.8920907974243,"2021-10"
"1501501","Benevides","PA",16.9307098388672,"2021-10"
"1501782","Breu Branco","PA",85.5003051757812,"2021-10"
"1502103","Cametá","PA",23.0917434692383,"2021-10"
"1503093","Goianésia do Pará","PA",97.6106796264648,"2021-10"
"1503309","Igarapé-Miri","PA",26.8183498382568,"2021-10"
"1503804","Jacundá","PA",63.7272071838379,"2021-10"
"1504000","Limoeiro do Ajuru","PA",21.0851078033447,"2021-10"
"1504422","Marituba","PA",16.9307098388672,"2021-10"
"1504604","Mocajuba","PA",14.9814071655273,"2021-10"
"1504703","Moju","PA",31.735710144043,"2021-10"
"1505064","Novo Repartimento","PA",59.2993812561035,"2021-10"
"1505205","Oeiras do Pará","PA",15.5238599777222,"2021-10"
"1506351","Santa Bárbara do Pará","PA",17.314395904541,"2021-10"
"1507953","Tailândia","PA",27.973819732666,"2021-10"
"1508100","Tucuruí","PA",38.1172523498535,"2021-10"
"1500107","Abaetetuba","PA",45.151252746582,"2021-09"
"1500800","Ananindeua","PA",10.1064510345459,"2021-09"
"1501105","Bagre","PA",16.5035610198975,"2021-09"
"1501204","Baião","PA",19.7430877685547,"2021-09"
"1501303","Barcarena","PA",32.6192512512207,"2021-09"
"1501402","Belém","PA",8.10701179504395,"2021-09"
"1501501","Benevides","PA",9.0903434753418,"2021-09"
"1501782","Breu Branco","PA",15.2907867431641,"2021-09"
"1502103","Cametá","PA",27.7408409118652,"2021-09"
"1503093","Goianésia do Pará","PA",17.6016120910645,"2021-09"
"1503309","Igarapé-Miri","PA",40.682559967041,"2021-09"
"1503804","Jacundá","PA",22.1358585357666,"2021-09"
"1504000","Limoeiro do Ajuru","PA",15.8643960952759,"2021-09"
"1504422","Marituba","PA",10.1064510345459,"2021-09"
"1504604","Mocajuba","PA",22.0593776702881,"2021-09"
"1504703","Moju","PA",45.2386589050293,"2021-09"
"1505064","Novo Repartimento","PA",136.273208618164,"2021-09"
"1505205","Oeiras do Pará","PA",16.290506362915,"2021-09"
"1506351","Santa Bárbara do Pará","PA",9.22691631317139,"2021-09"
"1507953","Tailândia","PA",11.9420013427734,"2021-09"
"1508100","Tucuruí","PA",15.6349544525146,"2021-09"
"1500107","Abaetetuba","PA",16.1556701660156,"2021-08"
"1500800","Ananindeua","PA",25.245548248291,"2021-08"
"1501105","Bagre","PA",134.843109130859,"2021-08"
"1501204","Baião","PA",21.7979202270508,"2021-08"
"1501303","Barcarena","PA",21.9536190032959,"2021-08"
"1501402","Belém","PA",18.0042915344238,"2021-08"
"1501501","Benevides","PA",24.2767543792725,"2021-08"
"1501782","Breu Branco","PA",11.1535167694092,"2021-08"
"1502103","Cametá","PA",31.5575561523438,"2021-08"
"1503093","Goianésia do Pará","PA",12.1494979858398,"2021-08"
"1503309","Igarapé-Miri","PA",19.5686988830566,"2021-08"
"1503804","Jacundá","PA",14.064847946167,"2021-08"
"1504000","Limoeiro do Ajuru","PA",36.0283508300781,"2021-08"
"1504422","Marituba","PA",25.245548248291,"2021-08"
"1504604","Mocajuba","PA",21.1825370788574,"2021-08"
"1504703","Moju","PA",25.8736915588379,"2021-08"
"1505064","Novo Repartimento","PA",7.6071572303772,"2021-08"
"1505205","Oeiras do Pará","PA",78.9865646362305,"2021-08"
"1506351","Santa Bárbara do Pará","PA",22.0252914428711,"2021-08"
"1507953","Tailândia","PA",18.4244060516357,"2021-08"
"1508100","Tucuruí","PA",6.40839052200317,"2021-08"
"1500107","Abaetetuba","PA",20.8398685455322,"2021-07"
"1500800","Ananindeua","PA",25.0392799377441,"2021-07"
"1501105","Bagre","PA",25.4322738647461,"2021-07"
"1501204","Baião","PA",21.4125137329102,"2021-07"
"1501303","Barcarena","PA",20.5198574066162,"2021-07"
"1501402","Belém","PA",30.3390731811523,"2021-07"
"1501501","Benevides","PA",20.3570461273193,"2021-07"
"1501782","Breu Branco","PA",25.0561218261719,"2021-07"
"1502103","Cametá","PA",24.5227756500244,"2021-07"
"1503093","Goianésia do Pará","PA",27.2681121826172,"2021-07"
"1503309","Igarapé-Miri","PA",30.2267894744873,"2021-07"
"1503804","Jacundá","PA",13.9737148284912,"2021-07"
"1504000","Limoeiro do Ajuru","PA",30.3615322113037,"2021-07"
"1504422","Marituba","PA",23.1360702514648,"2021-07"
"1504604","Mocajuba","PA",24.4161052703857,"2021-07"
"1504703","Moju","PA",40.7870788574219,"2021-07"
"1505064","Novo Repartimento","PA",26.1565036773682,"2021-07"
"1505205","Oeiras do Pará","PA",27.8632183074951,"2021-07"
"1506351","Santa Bárbara do Pará","PA",24.8315563201904,"2021-07"
"1507953","Tailândia","PA",22.6813201904297,"2021-07"
"1508100","Tucuruí","PA",17.3085422515869,"2021-07"
"1500107","Abaetetuba","PA",27.4340286254883,"2021-06"
"1500800","Ananindeua","PA",17.5781192779541,"2021-06"
"1501105","Bagre","PA",106.837013244629,"2021-06"
"1501204","Baião","PA",118.868560791016,"2021-06"
"1501303","Barcarena","PA",18.3907070159912,"2021-06"
"1501402","Belém","PA",19.6384239196777,"2021-06"
"1501501","Benevides","PA",17.6777267456055,"2021-06"
"1501782","Breu Branco","PA",55.4132804870605,"2021-06"
"1502103","Cametá","PA",27.905855178833,"2021-06"
"1503093","Goianésia do Pará","PA",28.4668045043945,"2021-06"
"1503309","Igarapé-Miri","PA",26.4327125549316,"2021-06"
"1503804","Jacundá","PA",16.0368232727051,"2021-06"
"1504000","Limoeiro do Ajuru","PA",28.424861907959,"2021-06"
"1504422","Marituba","PA",17.6777267456055,"2021-06"
"1504604","Mocajuba","PA",20.0263690948486,"2021-06"
"1504703","Moju","PA",31.2348461151123,"2021-06"
"1505064","Novo Repartimento","PA",23.9058227539062,"2021-06"
"1505205","Oeiras do Pará","PA",55.5600700378418,"2021-06"
"1506351","Santa Bárbara do Pará","PA",19.9162769317627,"2021-06"
"1507953","Tailândia","PA",23.3868160247803,"2021-06"
"1508100","Tucuruí","PA",75.015007019043,"2021-06"
"1500107","Abaetetuba","PA",173.452392578125,"2021-05"
"1500800","Ananindeua","PA",280.525482177734,"2021-05"
"1501105","Bagre","PA",51.539608001709,"2021-05"
"1501204","Baião","PA",20.4061641693115,"2021-05"
"1501303","Barcarena","PA",202.763626098633,"2021-05"
"1501402","Belém","PA",258.902435302734,"2021-05"
"1501501","Benevides","PA",237.63508605957,"2021-05"
"1501782","Breu Branco","PA",20.0504608154297,"2021-05"
"1502103","Cametá","PA",33.7044944763184,"2021-05"
"1503093","Goianésia do Pará","PA",20.5434551239014,"2021-05"
"1503309","Igarapé-Miri","PA",76.2766189575195,"2021-05"
"1503804","Jacundá","PA",18.7150115966797,"2021-05"
"1504000","Limoeiro do Ajuru","PA",50.5473785400391,"2021-05"
"1504422","Marituba","PA",259.283081054688,"2021-05"
"1504604","Mocajuba","PA",25.4983444213867,"2021-05"
"1504703","Moju","PA",165.951416015625,"2021-05"
"1505064","Novo Repartimento","PA",25.2424869537354,"2021-05"
"1505205","Oeiras do Pará","PA",35.9011192321777,"2021-05"
"1506351","Santa Bárbara do Pará","PA",258.815063476562,"2021-05"
"1507953","Tailândia","PA",32.6561050415039,"2021-05"
"1508100","Tucuruí","PA",20.5122509002686,"2021-05"
"1500107","Abaetetuba","PA",40.184253692627,"2021-04"
"1500800","Ananindeua","PA",59.9734115600586,"2021-04"
"1501105","Bagre","PA",133.638122558594,"2021-04"
"1501204","Baião","PA",29.633243560791,"2021-04"
"1501303","Barcarena","PA",58.2181129455566,"2021-04"
"1501402","Belém","PA",67.8554077148438,"2021-04"
"1501501","Benevides","PA",54.2843284606934,"2021-04"
"1501782","Breu Branco","PA",24.4010162353516,"2021-04"
"1502103","Cametá","PA",35.2598037719727,"2021-04"
"1503093","Goianésia do Pará","PA",42.9350166320801,"2021-04"
"1503309","Igarapé-Miri","PA",29.0128765106201,"2021-04"
"1503804","Jacundá","PA",33.1149787902832,"2021-04"
"1504000","Limoeiro do Ajuru","PA",44.233455657959,"2021-04"
"1504422","Marituba","PA",59.9734115600586,"2021-04"
"1504604","Mocajuba","PA",28.9599761962891,"2021-04"
"1504703","Moju","PA",36.9141120910645,"2021-04"
"1505064","Novo Repartimento","PA",74.8381195068359,"2021-04"
"1505205","Oeiras do Pará","PA",103.336433410645,"2021-04"
"1506351","Santa Bárbara do Pará","PA",57.7420196533203,"2021-04"
"1507953","Tailândia","PA",27.1277370452881,"2021-04"
"1508100","Tucuruí","PA",21.8858947753906,"2021-04"
"1500107","Abaetetuba","PA",77.4824066162109,"2021-03"
"1500800","Ananindeua","PA",194.517456054688,"2021-03"
"1501105","Bagre","PA",194.719085693359,"2021-03"
"1501204","Baião","PA",175.586151123047,"2021-03"
"1501303","Barcarena","PA",102.914581298828,"2021-03"
"1501402","Belém","PA",226.167221069336,"2021-03"
"1501501","Benevides","PA",193.269119262695,"2021-03"
"1501782","Breu Branco","PA",140.652328491211,"2021-03"
"1502103","Cametá","PA",176.133499145508,"2021-03"
"1503093","Goianésia do Pará","PA",146.18815612793,"2021-03"
"1503309","Igarapé-Miri","PA",169.925491333008,"2021-03"
"1503804","Jacundá","PA",134.554763793945,"2021-03"
"1504000","Limoeiro do Ajuru","PA",81.1745681762695,"2021-03"
"1504422","Marituba","PA",193.269119262695,"2021-03"
"1504604","Mocajuba","PA",181.318832397461,"2021-03"
"1504703","Moju","PA",154.614334106445,"2021-03"
"1505064","Novo Repartimento","PA",179.455947875977,"2021-03"
"1505205","Oeiras do Pará","PA",191.718322753906,"2021-03"
"1506351","Santa Bárbara do Pará","PA",248.641815185547,"2021-03"
"1507953","Tailândia","PA",104.681442260742,"2021-03"
"1508100","Tucuruí","PA",180.060913085938,"2021-03"
"1500107","Abaetetuba","PA",42.823673248291,"2021-02"
"1500800","Ananindeua","PA",46.9919509887695,"2021-02"
"1501105","Bagre","PA",71.8758544921875,"2021-02"
"1501204","Baião","PA",94.9226608276367,"2021-02"
"1501303","Barcarena","PA",33.5842895507812,"2021-02"
"1501402","Belém","PA",62.8880043029785,"2021-02"
"1501501","Benevides","PA",42.0466156005859,"2021-02"
"1501782","Breu Branco","PA",143.554077148438,"2021-02"
"1502103","Cametá","PA",38.6059837341309,"2021-02"
"1503093","Goianésia do Pará","PA",146.797073364258,"2021-02"
"1503309","Igarapé-Miri","PA",45.0201034545898,"2021-02"
"1503804","Jacundá","PA",122.10181427002,"2021-02"
"1504000","Limoeiro do Ajuru","PA",44.4721221923828,"2021-02"
"1504422","Marituba","PA",42.0466156005859,"2021-02"
"1504604","Mocajuba","PA",35.5471534729004,"2021-02"
"1504703","Moju","PA",94.5543441772461,"2021-02"
"1505064","Novo Repartimento","PA",154.379028320312,"2021-02"
"1505205","Oeiras do Pará","PA",35.8795318603516,"2021-02"
"1506351","Santa Bárbara do Pará","PA",54.9422225952148,"2021-02"
"1507953","Tailândia","PA",83.208366394043,"2021-02"
"1508100","Tucuruí","PA",125.151664733887,"2021-02"
"1500107","Abaetetuba","PA",40.2931442260742,"2021-01"
"1500800","Ananindeua","PA",32.1423683166504,"2021-01"
"1501105","Bagre","PA",103.126495361328,"2021-01"
"1501204","Baião","PA",104.932662963867,"2021-01"
"1501303","Barcarena","PA",38.8049049377441,"2021-01"
"1501402","Belém","PA",20.572774887085,"2021-01"
"1501501","Benevides","PA",30.1288604736328,"2021-01"
"1501782","Breu Branco","PA",41.9242248535156,"2021-01"
"1502103","Cametá","PA",70.1639862060547,"2021-01"
"1503093","Goianésia do Pará","PA",59.4191436767578,"2021-01"
"1503309","Igarapé-Miri","PA",35.5519638061523,"2021-01"
"1503804","Jacundá","PA",54.8576545715332,"2021-01"
"1504000","Limoeiro do Ajuru","PA",29.557523727417,"2021-01"
"1504422","Marituba","PA",32.1423683166504,"2021-01"
"1504604","Mocajuba","PA",87.8063430786133,"2021-01"
"1504703","Moju","PA",97.7540740966797,"2021-01"
"1505064","Novo Repartimento","PA",215.94270324707,"2021-01"
"1505205","Oeiras do Pará","PA",92.1651077270508,"2021-01"
"1506351","Santa Bárbara do Pará","PA",24.2081413269043,"2021-01"
"1507953","Tailândia","PA",47.2413520812988,"2021-01"
"1508100","Tucuruí","PA",70.7629699707031,"2021-01"
"1500107","Abaetetuba","PA",12.5157957077026,"2020-12"
"1500800","Ananindeua","PA",18.2003135681152,"2020-12"
"1501105","Bagre","PA",21.3091049194336,"2020-12"
"1501204","Baião","PA",23.6698150634766,"2020-12"
"1501303","Barcarena","PA",13.3131523132324,"2020-12"
"1501402","Belém","PA",13.0712566375732,"2020-12"
"1501501","Benevides","PA",15.7948083877563,"2020-12"
"1501782","Breu Branco","PA",19.6203231811523,"2020-12"
"1502103","Cametá","PA",21.725700378418,"2020-12"
"1503093","Goianésia do Pará","PA",19.6651210784912,"2020-12"
"1503309","Igarapé-Miri","PA",19.9876441955566,"2020-12"
"1503804","Jacundá","PA",19.6248035430908,"2020-12"
"1504000","Limoeiro do Ajuru","PA",14.8630676269531,"2020-12"
"1504422","Marituba","PA",18.2003135681152,"2020-12"
"1504604","Mocajuba","PA",22.0079116821289,"2020-12"
"1504703","Moju","PA",20.0503578186035,"2020-12"
"1505064","Novo Repartimento","PA",22.1557350158691,"2020-12"
"1505205","Oeiras do Pará","PA",23.9385871887207,"2020-12"
"1506351","Santa Bárbara do Pará","PA",17.2103385925293,"2020-12"
"1507953","Tailândia","PA",17.8374729156494,"2020-12"
"1508100","Tucuruí","PA",18.5004425048828,"2020-12"
"1500107","Abaetetuba","PA",52.6703186035156,"2020-11"
"1500800","Ananindeua","PA",41.984489440918,"2020-11"
"1501105","Bagre","PA",38.0292778015137,"2020-11"
"1501204","Baião","PA",30.6905689239502,"2020-11"
"1501303","Barcarena","PA",54.8012466430664,"2020-11"
"1501402","Belém","PA",33.9961090087891,"2020-11"
"1501501","Benevides","PA",39.2714538574219,"2020-11"
"1501782","Breu Branco","PA",59.0631065368652,"2020-11"
"1502103","Cametá","PA",24.4952850341797,"2020-11"
"1503093","Goianésia do Pará","PA",81.780891418457,"2020-11"
"1503309","Igarapé-Miri","PA",49.988468170166,"2020-11"
"1503804","Jacundá","PA",86.6612243652344,"2020-11"
"1504000","Limoeiro do Ajuru","PA",65.8976669311523,"2020-11"
"1504422","Marituba","PA",41.984489440918,"2020-11"
"1504604","Mocajuba","PA",25.0462093353271,"2020-11"
"1504703","Moju","PA",66.0847702026367,"2020-11"
"1505064","Novo Repartimento","PA",145.017486572266,"2020-11"
"1505205","Oeiras do Pará","PA",21.9537620544434,"2020-11"
"1506351","Santa Bárbara do Pará","PA",29.890172958374,"2020-11"
"1507953","Tailândia","PA",73.5066452026367,"2020-11"
"1508100","Tucuruí","PA",45.0405540466309,"2020-11"
"1500107","Abaetetuba","PA",6.74100065231323,"2020-10"
"1500800","Ananindeua","PA",5.68709850311279,"2020-10"
"1501105","Bagre","PA",11.5531616210938,"2020-10"
"1501204","Baião","PA",4.09630155563354,"2020-10"
"1501303","Barcarena","PA",5.91908931732178,"2020-10"
"1501402","Belém","PA",4.00350522994995,"2020-10"
"1501501","Benevides","PA",5.36231088638306,"2020-10"
"1501782","Breu Branco","PA",5.38882398605347,"2020-10"
"1502103","Cametá","PA",6.60843467712402,"2020-10"
"1503093","Goianésia do Pará","PA",7.05253219604492,"2020-10"
"1503309","Igarapé-Miri","PA",6.29690361022949,"2020-10"
"1503804","Jacundá","PA",6.51563835144043,"2020-10"
"1504000","Limoeiro do Ajuru","PA",3.95047855377197,"2020-10"
"1504422","Marituba","PA",5.68709850311279,"2020-10"
"1504604","Mocajuba","PA",6.38307189941406,"2020-10"
"1504703","Moju","PA",7.44360303878784,"2020-10"
"1505064","Novo Repartimento","PA",13.2367544174194,"2020-10"
"1505205","Oeiras do Pará","PA",9.49838161468506,"2020-10"
"1506351","Santa Bárbara do Pará","PA",4.06978797912598,"2020-10"
"1507953","Tailândia","PA",4.56028366088867,"2020-10"
"1508100","Tucuruí","PA",5.52801895141602,"2020-10"
"1500107","Abaetetuba","PA",4.130455493927,"2020-09"
"1500800","Ananindeua","PA",7.17720174789429,"2020-09"
"1501105","Bagre","PA",10.2001819610596,"2020-09"
"1501204","Baião","PA",4.46792697906494,"2020-09"
"1501303","Barcarena","PA",5.3567590713501,"2020-09"
"1501402","Belém","PA",4.18274021148682,"2020-09"
"1501501","Benevides","PA",7.02985525131226,"2020-09"
"1501782","Breu Branco","PA",2.153160572052,"2020-09"
"1502103","Cametá","PA",6.62108755111694,"2020-09"
"1503093","Goianésia do Pará","PA",2.0961229801178,"2020-09"
"1503309","Igarapé-Miri","PA",5.37101888656616,"2020-09"
"1503804","Jacundá","PA",1.42118096351623,"2020-09"
"1504000","Limoeiro do Ajuru","PA",4.24453067779541,"2020-09"
"1504422","Marituba","PA",7.17720174789429,"2020-09"
"1504604","Mocajuba","PA",5.04305362701416,"2020-09"
"1504703","Moju","PA",4.55348300933838,"2020-09"
"1505064","Novo Repartimento","PA",3.98786234855652,"2020-09"
"1505205","Oeiras do Pará","PA",6.2075662612915,"2020-09"
"1506351","Santa Bárbara do Pará","PA",5.03354740142822,"2020-09"
"1507953","Tailândia","PA",2.91365885734558,"2020-09"
"1508100","Tucuruí","PA",1.46871209144592,"2020-09"
"1500107","Abaetetuba","PA",6.77395105361938,"2020-08"
"1500800","Ananindeua","PA",3.28710675239563,"2020-08"
"1501105","Bagre","PA",31.2332210540771,"2020-08"
"1501204","Baião","PA",17.1602954864502,"2020-08"
"1501303","Barcarena","PA",4.72521591186523,"2020-08"
"1501402","Belém","PA",4.1202974319458,"2020-08"
"1501501","Benevides","PA",2.48245024681091,"2020-08"
"1501782","Breu Branco","PA",10.6888036727905,"2020-08"
"1502103","Cametá","PA",16.6466846466064,"2020-08"
"1503093","Goianésia do Pará","PA",10.2893295288086,"2020-08"
"1503309","Igarapé-Miri","PA",9.61592864990234,"2020-08"
"1503804","Jacundá","PA",8.17781925201416,"2020-08"
"1504000","Limoeiro do Ajuru","PA",17.9763660430908,"2020-08"
"1504422","Marituba","PA",3.13302373886108,"2020-08"
"1504604","Mocajuba","PA",13.7647590637207,"2020-08"
"1504703","Moju","PA",13.439474105835,"2020-08"
"1505064","Novo Repartimento","PA",18.3301868438721,"2020-08"
"1505205","Oeiras do Pará","PA",22.1194877624512,"2020-08"
"1506351","Santa Bárbara do Pará","PA",3.52108478546143,"2020-08"
"1507953","Tailândia","PA",5.66683530807495,"2020-08"
"1508100","Tucuruí","PA",12.8859148025513,"2020-08"
"1500107","Abaetetuba","PA",9.68215847015381,"2020-07"
"1500800","Ananindeua","PA",12.4242897033691,"2020-07"
"1501105","Bagre","PA",7.25473880767822,"2020-07"
"1501204","Baião","PA",4.81584596633911,"2020-07"
"1501303","Barcarena","PA",12.117039680481,"2020-07"
"1501402","Belém","PA",12.6254501342773,"2020-07"
"1501501","Benevides","PA",10.9943742752075,"2020-07"
"1501782","Breu Branco","PA",4.28161191940308,"2020-07"
"1502103","Cametá","PA",8.29223537445068,"2020-07"
"1503093","Goianésia do Pará","PA",2.97312664985657,"2020-07"
"1503309","Igarapé-Miri","PA",10.3749723434448,"2020-07"
"1503804","Jacundá","PA",2.71762347221375,"2020-07"
"1504000","Limoeiro do Ajuru","PA",8.80869960784912,"2020-07"
"1504422","Marituba","PA",12.4035129547119,"2020-07"
"1504604","Mocajuba","PA",8.93486499786377,"2020-07"
"1504703","Moju","PA",9.60846328735352,"2020-07"
"1505064","Novo Repartimento","PA",2.09822225570679,"2020-07"
"1505205","Oeiras do Pará","PA",8.51754665374756,"2020-07"
"1506351","Santa Bárbara do Pará","PA",11.275559425354,"2020-07"
"1507953","Tailândia","PA",6.12433099746704,"2020-07"
"1508100","Tucuruí","PA",3.56930041313171,"2020-07"
"1500107","Abaetetuba","PA",45.7318954467773,"2020-06"
"1500800","Ananindeua","PA",89.6360092163086,"2020-06"
"1501105","Bagre","PA",35.6520614624023,"2020-06"
"1501204","Baião","PA",16.6078205108643,"2020-06"
"1501303","Barcarena","PA",62.0486602783203,"2020-06"
"1501402","Belém","PA",92.4463806152344,"2020-06"
"1501501","Benevides","PA",83.0014724731445,"2020-06"
"1501782","Breu Branco","PA",13.2047243118286,"2020-06"
"1502103","Cametá","PA",29.2485961914062,"2020-06"
"1503093","Goianésia do Pará","PA",14.1145801544189,"2020-06"
"1503309","Igarapé-Miri","PA",32.2900352478027,"2020-06"
"1503804","Jacundá","PA",13.8900709152222,"2020-06"
"1504000","Limoeiro do Ajuru","PA",31.9007453918457,"2020-06"
"1504422","Marituba","PA",83.0014724731445,"2020-06"
"1504604","Mocajuba","PA",17.0154838562012,"2020-06"
"1504703","Moju","PA",53.2241172790527,"2020-06"
"1505064","Novo Repartimento","PA",14.1854782104492,"2020-06"
"1505205","Oeiras do Pará","PA",35.7499008178711,"2020-06"
"1506351","Santa Bárbara do Pará","PA",90.8246917724609,"2020-06"
"1507953","Tailândia","PA",17.3167991638184,"2020-06"
"1508100","Tucuruí","PA",13.3701524734497,"2020-06"
"1500107","Abaetetuba","PA",24.7065544128418,"2020-05"
"1500800","Ananindeua","PA",22.0806369781494,"2020-05"
"1501105","Bagre","PA",41.0936584472656,"2020-05"
"1501204","Baião","PA",45.554141998291,"2020-05"
"1501303","Barcarena","PA",18.884370803833,"2020-05"
"1501402","Belém","PA",20.8857021331787,"2020-05"
"1501501","Benevides","PA",23.9353523254395,"2020-05"
"1501782","Breu Branco","PA",50.2239151000977,"2020-05"
"1502103","Cametá","PA",38.2720565795898,"2020-05"
"1503093","Goianésia do Pará","PA",41.7200889587402,"2020-05"
"1503309","Igarapé-Miri","PA",32.3121643066406,"2020-05"
"1503804","Jacundá","PA",26.4425144195557,"2020-05"
"1504000","Limoeiro do Ajuru","PA",29.3763465881348,"2020-05"
"1504422","Marituba","PA",23.9353523254395,"2020-05"
"1504604","Mocajuba","PA",30.8870868682861,"2020-05"
"1504703","Moju","PA",60.8537063598633,"2020-05"
"1505064","Novo Repartimento","PA",42.6950950622559,"2020-05"
"1505205","Oeiras do Pará","PA",30.1576747894287,"2020-05"
"1506351","Santa Bárbara do Pará","PA",24.8663749694824,"2020-05"
"1507953","Tailândia","PA",61.924015045166,"2020-05"
"1508100","Tucuruí","PA",31.1562767028809,"2020-05"
"1500107","Abaetetuba","PA",50.0636711120605,"2020-04"
"1500800","Ananindeua","PA",45.1552085876465,"2020-04"
"1501105","Bagre","PA",54.4013786315918,"2020-04"
"1501204","Baião","PA",143.192718505859,"2020-04"
"1501303","Barcarena","PA",45.1244735717773,"2020-04"
"1501402","Belém","PA",40.562858581543,"2020-04"
"1501501","Benevides","PA",46.0727996826172,"2020-04"
"1501782","Breu Branco","PA",159.630355834961,"2020-04"
"1502103","Cametá","PA",72.7444458007812,"2020-04"
"1503093","Goianésia do Pará","PA",170.386825561523,"2020-04"
"1503309","Igarapé-Miri","PA",52.0086135864258,"2020-04"
"1503804","Jacundá","PA",82.7413787841797,"2020-04"
"1504000","Limoeiro do Ajuru","PA",45.7962074279785,"2020-04"
"1504422","Marituba","PA",46.0727996826172,"2020-04"
"1504604","Mocajuba","PA",79.7734680175781,"2020-04"
"1504703","Moju","PA",94.9817962646484,"2020-04"
"1505064","Novo Repartimento","PA",79.5890731811523,"2020-04"
"1505205","Oeiras do Pará","PA",70.48779296875,"2020-04"
"1506351","Santa Bárbara do Pará","PA",44.5405540466309,"2020-04"
"1507953","Tailândia","PA",207.99055480957,"2020-04"
"1508100","Tucuruí","PA",146.125503540039,"2020-04"
"1500107","Abaetetuba","PA",135.993515014648,"2020-03"
"1500800","Ananindeua","PA",90.7762145996094,"2020-03"
"1501105","Bagre","PA",268.746887207031,"2020-03"
"1501204","Baião","PA",111.464584350586,"2020-03"
"1501303","Barcarena","PA",104.839332580566,"2020-03"
"1501402","Belém","PA",83.6917419433594,"2020-03"
"1501501","Benevides","PA",87.2099685668945,"2020-03"
"1501782","Breu Branco","PA",124.264762878418,"2020-03"
"1502103","Cametá","PA",212.313232421875,"2020-03"
"1503093","Goianésia do Pará","PA",127.458335876465,"2020-03"
"1503309","Igarapé-Miri","PA",168.602142333984,"2020-03"
"1503804","Jacundá","PA",72.7482986450195,"2020-03"
"1504000","Limoeiro do Ajuru","PA",302.090484619141,"2020-03"
"1504422","Marituba","PA",90.7762145996094,"2020-03"
"1504604","Mocajuba","PA",117.965599060059,"2020-03"
"1504703","Moju","PA",117.116744995117,"2020-03"
"1505064","Novo Repartimento","PA",159.740875244141,"2020-03"
"1505205","Oeiras do Pará","PA",284.186798095703,"2020-03"
"1506351","Santa Bárbara do Pará","PA",84.2958984375,"2020-03"
"1507953","Tailândia","PA",117.064979553223,"2020-03"
"1508100","Tucuruí","PA",69.409797668457,"2020-03"
"1500107","Abaetetuba","PA",90.4025115966797,"2020-02"
"1500800","Ananindeua","PA",84.603645324707,"2020-02"
"1501105","Bagre","PA",124.896293640137,"2020-02"
"1501204","Baião","PA",151.021575927734,"2020-02"
"1501303","Barcarena","PA",76.040901184082,"2020-02"
"1501402","Belém","PA",108.891731262207,"2020-02"
"1501501","Benevides","PA",61.3231735229492,"2020-02"
"1501782","Breu Branco","PA",95.5255889892578,"2020-02"
"1502103","Cametá","PA",73.4388885498047,"2020-02"
"1503093","Goianésia do Pará","PA",95.9059829711914,"2020-02"
"1503309","Igarapé-Miri","PA",80.5003280639648,"2020-02"
"1503804","Jacundá","PA",47.7587509155273,"2020-02"
"1504000","Limoeiro do Ajuru","PA",111.760818481445,"2020-02"
"1504422","Marituba","PA",70.925910949707,"2020-02"
"1504604","Mocajuba","PA",44.5376052856445,"2020-02"
"1504703","Moju","PA",147.70735168457,"2020-02"
"1505064","Novo Repartimento","PA",162.712387084961,"2020-02"
"1505205","Oeiras do Pará","PA",138.739944458008,"2020-02"
"1506351","Santa Bárbara do Pará","PA",90.2892074584961,"2020-02"
"1507953","Tailândia","PA",68.1782302856445,"2020-02"
"1508100","Tucuruí","PA",137.865859985352,"2020-02"
"1500107","Abaetetuba","PA",26.8820915222168,"2020-01"
"1500800","Ananindeua","PA",33.3592872619629,"2020-01"
"1501105","Bagre","PA",146.079696655273,"2020-01"
"1501204","Baião","PA",36.2434349060059,"2020-01"
"1501303","Barcarena","PA",26.3549194335938,"2020-01"
"1501402","Belém","PA",42.4382133483887,"2020-01"
"1501501","Benevides","PA",26.6693572998047,"2020-01"
"1501782","Breu Branco","PA",71.4235610961914,"2020-01"
"1502103","Cametá","PA",51.0545272827148,"2020-01"
"1503093","Goianésia do Pará","PA",89.2395629882812,"2020-01"
"1503309","Igarapé-Miri","PA",27.6799564361572,"2020-01"
"1503804","Jacundá","PA",78.0074157714844,"2020-01"
"1504000","Limoeiro do Ajuru","PA",70.4050827026367,"2020-01"
"1504422","Marituba","PA",27.9487934112549,"2020-01"
"1504604","Mocajuba","PA",28.6318798065186,"2020-01"
"1504703","Moju","PA",50.7979125976562,"2020-01"
"1505064","Novo Repartimento","PA",171.635223388672,"2020-01"
"1505205","Oeiras do Pará","PA",130.487930297852,"2020-01"
"1506351","Santa Bárbara do Pará","PA",36.1060943603516,"2020-01"
"1507953","Tailândia","PA",31.4148330688477,"2020-01"
"1508100","Tucuruí","PA",101.343444824219,"2020-01"
"1500107","Abaetetuba","PA",20.3836460113525,"2019-12"
"1500800","Ananindeua","PA",25.5760154724121,"2019-12"
"1501105","Bagre","PA",62.071346282959,"2019-12"
"1501204","Baião","PA",94.5364303588867,"2019-12"
"1501303","Barcarena","PA",19.5469188690186,"2019-12"
"1501402","Belém","PA",19.6166439056396,"2019-12"
"1501501","Benevides","PA",25.0042514801025,"2019-12"
"1501782","Breu Branco","PA",63.9911727905273,"2019-12"
"1502103","Cametá","PA",28.857852935791,"2019-12"
"1503093","Goianésia do Pará","PA",40.4372520446777,"2019-12"
"1503309","Igarapé-Miri","PA",24.7764739990234,"2019-12"
"1503804","Jacundá","PA",32.7811813354492,"2019-12"
"1504000","Limoeiro do Ajuru","PA",20.9042778015137,"2019-12"
"1504422","Marituba","PA",25.5760154724121,"2019-12"
"1504604","Mocajuba","PA",30.814868927002,"2019-12"
"1504703","Moju","PA",94.0390396118164,"2019-12"
"1505064","Novo Repartimento","PA",112.479614257812,"2019-12"
"1505205","Oeiras do Pará","PA",29.3877811431885,"2019-12"
"1506351","Santa Bárbara do Pará","PA",25.0739765167236,"2019-12"
"1507953","Tailândia","PA",76.7512893676758,"2019-12"
"1508100","Tucuruí","PA",107.352325439453,"2019-12"
"1500107","Abaetetuba","PA",17.754695892334,"2019-11"
"1500800","Ananindeua","PA",18.4424667358398,"2019-11"
"1501105","Bagre","PA",79.7857513427734,"2019-11"
"1501204","Baião","PA",44.4546661376953,"2019-11"
"1501303","Barcarena","PA",20.25954246521,"2019-11"
"1501402","Belém","PA",7.52727746963501,"2019-11"
"1501501","Benevides","PA",17.1263618469238,"2019-11"
"1501782","Breu Branco","PA",40.1072731018066,"2019-11"
"1502103","Cametá","PA",36.9401245117188,"2019-11"
"1503093","Goianésia do Pará","PA",31.1535053253174,"2019-11"
"1503309","Igarapé-Miri","PA",27.0565929412842,"2019-11"
"1503804","Jacundá","PA",19.0198554992676,"2019-11"
"1504000","Limoeiro do Ajuru","PA",24.2927703857422,"2019-11"
"1504422","Marituba","PA",18.4424667358398,"2019-11"
"1504604","Mocajuba","PA",41.8988723754883,"2019-11"
"1504703","Moju","PA",106.07389831543,"2019-11"
"1505064","Novo Repartimento","PA",58.4053916931152,"2019-11"
"1505205","Oeiras do Pará","PA",46.4627876281738,"2019-11"
"1506351","Santa Bárbara do Pará","PA",9.44624519348145,"2019-11"
"1507953","Tailândia","PA",133.453155517578,"2019-11"
"1508100","Tucuruí","PA",34.0871467590332,"2019-11"
"1500107","Abaetetuba","PA",9.19122219085693,"2019-10"
"1500800","Ananindeua","PA",16.3996200561523,"2019-10"
"1501105","Bagre","PA",6.04486417770386,"2019-10"
"1501204","Baião","PA",6.31337213516235,"2019-10"
"1501303","Barcarena","PA",5.50096416473389,"2019-10"
"1501402","Belém","PA",13.315224647522,"2019-10"
"1501501","Benevides","PA",17.5975780487061,"2019-10"
"1501782","Breu Branco","PA",9.98986148834229,"2019-10"
"1502103","Cametá","PA",5.46653985977173,"2019-10"
"1503093","Goianésia do Pará","PA",9.43907642364502,"2019-10"
"1503309","Igarapé-Miri","PA",4.62659311294556,"2019-10"
"1503804","Jacundá","PA",12.4408540725708,"2019-10"
"1504000","Limoeiro do Ajuru","PA",4.57839965820312,"2019-10"
"1504422","Marituba","PA",17.5975780487061,"2019-10"
"1504604","Mocajuba","PA",6.00355529785156,"2019-10"
"1504703","Moju","PA",10.3685264587402,"2019-10"
"1505064","Novo Repartimento","PA",43.9870567321777,"2019-10"
"1505205","Oeiras do Pará","PA",6.45106840133667,"2019-10"
"1506351","Santa Bárbara do Pará","PA",18.6096439361572,"2019-10"
"1507953","Tailândia","PA",8.4407787322998,"2019-10"
"1508100","Tucuruí","PA",9.48038482666016,"2019-10"
"1500107","Abaetetuba","PA",4.02403736114502,"2019-09"
"1500800","Ananindeua","PA",18.2103958129883,"2019-09"
"1501105","Bagre","PA",5.23682451248169,"2019-09"
"1501204","Baião","PA",5.53421306610107,"2019-09"
"1501303","Barcarena","PA",5.97564888000488,"2019-09"
"1501402","Belém","PA",16.9000263214111,"2019-09"
"1501501","Benevides","PA",15.8777532577515,"2019-09"
"1501782","Breu Branco","PA",3.44784712791443,"2019-09"
"1502103","Cametá","PA",5.39945840835571,"2019-09"
"1503093","Goianésia do Pará","PA",2.71366930007935,"2019-09"
"1503309","Igarapé-Miri","PA",4.90690898895264,"2019-09"
"1503804","Jacundá","PA",1.6124027967453,"2019-09"
"1504000","Limoeiro do Ajuru","PA",3.09005165100098,"2019-09"
"1504422","Marituba","PA",15.8777532577515,"2019-09"
"1504604","Mocajuba","PA",5.84554147720337,"2019-09"
"1504703","Moju","PA",6.12898969650269,"2019-09"
"1505064","Novo Repartimento","PA",9.41884899139404,"2019-09"
"1505205","Oeiras do Pará","PA",5.86412811279297,"2019-09"
"1506351","Santa Bárbara do Pará","PA",19.9900798797607,"2019-09"
"1507953","Tailândia","PA",4.01474332809448,"2019-09"
"1508100","Tucuruí","PA",2.65326237678528,"2019-09"
"1500107","Abaetetuba","PA",12.0907869338989,"2019-08"
"1500800","Ananindeua","PA",13.4820327758789,"2019-08"
"1501105","Bagre","PA",9.95609569549561,"2019-08"
"1501204","Baião","PA",8.32138347625732,"2019-08"
"1501303","Barcarena","PA",12.1951303482056,"2019-08"
"1501402","Belém","PA",10.195216178894,"2019-08"
"1501501","Benevides","PA",14.4341650009155,"2019-08"
"1501782","Breu Branco","PA",3.32594466209412,"2019-08"
"1502103","Cametá","PA",17.4340362548828,"2019-08"
"1503093","Goianésia do Pará","PA",2.73031783103943,"2019-08"
"1503309","Igarapé-Miri","PA",11.5342893600464,"2019-08"
"1503804","Jacundá","PA",0.834746897220612,"2019-08"
"1504000","Limoeiro do Ajuru","PA",16.4905986785889,"2019-08"
"1504422","Marituba","PA",14.4341650009155,"2019-08"
"1504604","Mocajuba","PA",10.0647869110107,"2019-08"
"1504703","Moju","PA",11.7908000946045,"2019-08"
"1505064","Novo Repartimento","PA",2.33468270301819,"2019-08"
"1505205","Oeiras do Pará","PA",13.9646196365356,"2019-08"
"1506351","Santa Bárbara do Pará","PA",13.9124479293823,"2019-08"
"1507953","Tailândia","PA",6.83883810043335,"2019-08"
"1508100","Tucuruí","PA",1.5303692817688,"2019-08"
"1500107","Abaetetuba","PA",11.536735534668,"2019-07"
"1500800","Ananindeua","PA",13.9990015029907,"2019-07"
"1501105","Bagre","PA",28.9456939697266,"2019-07"
"1501204","Baião","PA",26.5656471252441,"2019-07"
"1501303","Barcarena","PA",7.64644050598145,"2019-07"
"1501402","Belém","PA",14.7865810394287,"2019-07"
"1501501","Benevides","PA",10.5760622024536,"2019-07"
"1501782","Breu Branco","PA",26.6565208435059,"2019-07"
"1502103","Cametá","PA",21.8531551361084,"2019-07"
"1503093","Goianésia do Pará","PA",15.4832849502563,"2019-07"
"1503309","Igarapé-Miri","PA",12.5406818389893,"2019-07"
"1503804","Jacundá","PA",8.8105001449585,"2019-07"
"1504000","Limoeiro do Ajuru","PA",16.75119972229,"2019-07"
"1504422","Marituba","PA",12.0040893554688,"2019-07"
"1504604","Mocajuba","PA",23.2335815429688,"2019-07"
"1504703","Moju","PA",25.4275512695312,"2019-07"
"1505064","Novo Repartimento","PA",18.0234451293945,"2019-07"
"1505205","Oeiras do Pará","PA",26.5699729919434,"2019-07"
"1506351","Santa Bárbara do Pará","PA",13.4883728027344,"2019-07"
"1507953","Tailândia","PA",11.3679685592651,"2019-07"
"1508100","Tucuruí","PA",13.5273199081421,"2019-07"
"1500107","Abaetetuba","PA",15.7613229751587,"2019-06"
"1500800","Ananindeua","PA",27.1000137329102,"2019-06"
"1501105","Bagre","PA",75.2818603515625,"2019-06"
"1501204","Baião","PA",10.8958196640015,"2019-06"
"1501303","Barcarena","PA",23.2415828704834,"2019-06"
"1501402","Belém","PA",13.3528385162354,"2019-06"
"1501501","Benevides","PA",30.9099102020264,"2019-06"
"1501782","Breu Branco","PA",8.43879985809326,"2019-06"
"1502103","Cametá","PA",33.7673301696777,"2019-06"
"1503093","Goianésia do Pará","PA",11.4903573989868,"2019-06"
"1503309","Igarapé-Miri","PA",13.3327341079712,"2019-06"
"1503804","Jacundá","PA",7.1769232749939,"2019-06"
"1504000","Limoeiro do Ajuru","PA",26.9362125396729,"2019-06"
"1504422","Marituba","PA",30.9099102020264,"2019-06"
"1504604","Mocajuba","PA",12.1131391525269,"2019-06"
"1504703","Moju","PA",19.067684173584,"2019-06"
"1505064","Novo Repartimento","PA",10.5742826461792,"2019-06"
"1505205","Oeiras do Pará","PA",59.174732208252,"2019-06"
"1506351","Santa Bárbara do Pará","PA",16.7319984436035,"2019-06"
"1507953","Tailândia","PA",12.2900552749634,"2019-06"
"1508100","Tucuruí","PA",9.62787628173828,"2019-06"
"1500107","Abaetetuba","PA",32.2922096252441,"2019-05"
"1500800","Ananindeua","PA",61.6237602233887,"2019-05"
"1501105","Bagre","PA",106.633148193359,"2019-05"
"1501204","Baião","PA",78.4998168945312,"2019-05"
"1501303","Barcarena","PA",33.4212989807129,"2019-05"
"1501402","Belém","PA",73.3797225952148,"2019-05"
"1501501","Benevides","PA",60.7251510620117,"2019-05"
"1501782","Breu Branco","PA",24.3512859344482,"2019-05"
"1502103","Cametá","PA",27.3927268981934,"2019-05"
"1503093","Goianésia do Pará","PA",30.6810398101807,"2019-05"
"1503309","Igarapé-Miri","PA",26.3650035858154,"2019-05"
"1503804","Jacundá","PA",21.4283409118652,"2019-05"
"1504000","Limoeiro do Ajuru","PA",35.2086372375488,"2019-05"
"1504422","Marituba","PA",60.7251510620117,"2019-05"
"1504604","Mocajuba","PA",30.5378551483154,"2019-05"
"1504703","Moju","PA",37.4057846069336,"2019-05"
"1505064","Novo Repartimento","PA",80.8105163574219,"2019-05"
"1505205","Oeiras do Pará","PA",59.5056114196777,"2019-05"
"1506351","Santa Bárbara do Pará","PA",79.3984222412109,"2019-05"
"1507953","Tailândia","PA",38.8129463195801,"2019-05"
"1508100","Tucuruí","PA",32.6411895751953,"2019-05"
"1500107","Abaetetuba","PA",76.470085144043,"2019-04"
"1500800","Ananindeua","PA",102.444709777832,"2019-04"
"1501105","Bagre","PA",120.936004638672,"2019-04"
"1501204","Baião","PA",60.5621337890625,"2019-04"
"1501303","Barcarena","PA",101.738739013672,"2019-04"
"1501402","Belém","PA",58.9462356567383,"2019-04"
"1501501","Benevides","PA",100.907257080078,"2019-04"
"1501782","Breu Branco","PA",42.1440505981445,"2019-04"
"1502103","Cametá","PA",89.322265625,"2019-04"
"1503093","Goianésia do Pará","PA",46.4008102416992,"2019-04"
"1503309","Igarapé-Miri","PA",58.945369720459,"2019-04"
"1503804","Jacundá","PA",43.2003974914551,"2019-04"
"1504000","Limoeiro do Ajuru","PA",94.0385360717773,"2019-04"
"1504422","Marituba","PA",102.444709777832,"2019-04"
"1504604","Mocajuba","PA",35.8582611083984,"2019-04"
"1504703","Moju","PA",64.3796234130859,"2019-04"
"1505064","Novo Repartimento","PA",160.428726196289,"2019-04"
"1505205","Oeiras do Pará","PA",104.029228210449,"2019-04"
"1506351","Santa Bárbara do Pará","PA",84.418830871582,"2019-04"
"1507953","Tailândia","PA",38.671703338623,"2019-04"
"1508100","Tucuruí","PA",44.7607192993164,"2019-04"
"1500107","Abaetetuba","PA",75.8391342163086,"2019-03"
"1500800","Ananindeua","PA",62.9112586975098,"2019-03"
"1501105","Bagre","PA",71.7835845947266,"2019-03"
"1501204","Baião","PA",73.4854278564453,"2019-03"
"1501303","Barcarena","PA",46.3259620666504,"2019-03"
"1501402","Belém","PA",64.5124740600586,"2019-03"
"1501501","Benevides","PA",61.7956581115723,"2019-03"
"1501782","Breu Branco","PA",85.914176940918,"2019-03"
"1502103","Cametá","PA",82.0208892822266,"2019-03"
"1503093","Goianésia do Pará","PA",91.0980606079102,"2019-03"
"1503309","Igarapé-Miri","PA",82.3314971923828,"2019-03"
"1503804","Jacundá","PA",81.0584030151367,"2019-03"
"1504000","Limoeiro do Ajuru","PA",74.5704116821289,"2019-03"
"1504422","Marituba","PA",61.7956581115723,"2019-03"
"1504604","Mocajuba","PA",76.3859939575195,"2019-03"
"1504703","Moju","PA",97.0093383789062,"2019-03"
"1505064","Novo Repartimento","PA",149.237060546875,"2019-03"
"1505205","Oeiras do Pará","PA",82.2396240234375,"2019-03"
"1506351","Santa Bárbara do Pará","PA",67.9905319213867,"2019-03"
"1507953","Tailândia","PA",91.4663238525391,"2019-03"
"1508100","Tucuruí","PA",94.4718856811523,"2019-03"
"1500107","Abaetetuba","PA",128.061920166016,"2019-02"
"1500800","Ananindeua","PA",153.172103881836,"2019-02"
"1501105","Bagre","PA",119.264610290527,"2019-02"
"1501204","Baião","PA",27.7568092346191,"2019-02"
"1501303","Barcarena","PA",125.852745056152,"2019-02"
"1501402","Belém","PA",174.6513671875,"2019-02"
"1501501","Benevides","PA",130.262344360352,"2019-02"
"1501782","Breu Branco","PA",55.2205238342285,"2019-02"
"1502103","Cametá","PA",84.3422088623047,"2019-02"
"1503093","Goianésia do Pará","PA",50.347225189209,"2019-02"
"1503309","Igarapé-Miri","PA",122.19995880127,"2019-02"
"1503804","Jacundá","PA",30.4515628814697,"2019-02"
"1504000","Limoeiro do Ajuru","PA",142.36247253418,"2019-02"
"1504422","Marituba","PA",130.262344360352,"2019-02"
"1504604","Mocajuba","PA",37.4946632385254,"2019-02"
"1504703","Moju","PA",123.993545532227,"2019-02"
"1505064","Novo Repartimento","PA",65.5839462280273,"2019-02"
"1505205","Oeiras do Pará","PA",128.700607299805,"2019-02"
"1506351","Santa Bárbara do Pará","PA",170.670486450195,"2019-02"
"1507953","Tailândia","PA",26.6544132232666,"2019-02"
"1508100","Tucuruí","PA",45.9638786315918,"2019-02"
"1500107","Abaetetuba","PA",24.0095653533936,"2019-01"
"1500800","Ananindeua","PA",22.9602546691895,"2019-01"
"1501105","Bagre","PA",126.551284790039,"2019-01"
"1501204","Baião","PA",115.514656066895,"2019-01"
"1501303","Barcarena","PA",19.1140441894531,"2019-01"
"1501402","Belém","PA",26.8555335998535,"2019-01"
"1501501","Benevides","PA",22.7149124145508,"2019-01"
"1501782","Breu Branco","PA",27.1499462127686,"2019-01"
"1502103","Cametá","PA",56.8967437744141,"2019-01"
"1503093","Goianésia do Pará","PA",33.4231567382812,"2019-01"
"1503309","Igarapé-Miri","PA",52.004997253418,"2019-01"
"1503804","Jacundá","PA",31.8680629730225,"2019-01"
"1504000","Limoeiro do Ajuru","PA",27.8670997619629,"2019-01"
"1504422","Marituba","PA",22.7149124145508,"2019-01"
"1504604","Mocajuba","PA",62.1923599243164,"2019-01"
"1504703","Moju","PA",65.747932434082,"2019-01"
"1505064","Novo Repartimento","PA",33.6609497070312,"2019-01"
"1505205","Oeiras do Pará","PA",81.0195465087891,"2019-01"
"1506351","Santa Bárbara do Pará","PA",23.7830944061279,"2019-01"
"1507953","Tailândia","PA",27.2518558502197,"2019-01"
"1508100","Tucuruí","PA",27.0178375244141,"2019-01"
